{
  "requirements": [
    {
      "description": "1 - [TELA DE LOGIN] Crie a tela de login, onde a pessoa que joga deve preencher as informações para iniciar um jogo",
      "bonus": false
    },
    {
      "description": "2 - [TELA DE LOGIN] Crie o botão de iniciar o jogo",
      "bonus": false
    },
    {
      "description": "3 - [TELA DE LOGIN] Crie um botão na tela inicial que leve para a tela de configurações",
      "bonus": false
    },
    {
      "description": "4 - [TELA DE JOGO] Crie um _header_ que deve conter as informações da pessoa jogadora",
      "bonus": false
    },
    {
      "description": "5 - [TELA DE JOGO] Crie a página de jogo que deve conter as informações relacionadas à pergunta",
      "bonus": false
    },
    {
      "description": "6 - [TELA DE JOGO] Desenvolva o jogo onde só deve ser possível escolher uma resposta correta por pergunta",
      "bonus": false
    },
    {
      "description": "7 - [TELA DE JOGO] Desenvolva o estilo que, ao clicar em uma resposta, a correta deve ficar verde e as incorretas, vermelhas",
      "bonus": false
    },
    {
      "description": "8 - [TELA DE JOGO] Desenvolva um timer onde a pessoa que joga tem 30 segundos para responder",
      "bonus": false
    },
    {
      "description": "9 - [TELA DE JOGO] Crie o placar com as seguintes características:",
      "bonus": false
    },
    {
      "description": "10 - [TELA DE JOGO] Crie um botão de \"Next\" que apareça após a resposta ser dada",
      "bonus": false
    },
    {
      "description": "11 - [TELA DE JOGO] Desenvolva o jogo de forma que a pessoa que joga deve responder 5 perguntas no total",
      "bonus": false
    },
    {
      "description": "12 - [TELA DE FEEDBACK] Desenvolva o header de _feedback_ que deve conter as informações da pessoa jogadora",
      "bonus": false
    },
    {
      "description": "13 - [TELA DE FEEDBACK] Crie a mensagem de _feedback_ para ser exibida a pessoa usuária",
      "bonus": false
    },
    {
      "description": "14 - [TELA DE FEEDBACK] Exiba as informações relacionadas aos resultados obtidos para a pessoa usuária",
      "bonus": false
    },
    {
      "description": "15 - [TELA DE FEEDBACK] Crie a opção para a pessoa jogadora poder jogar novamente",
      "bonus": false
    },
    {
      "description": "16 - [TELA DE FEEDBACK] Crie a opção para a pessoa jogadora poder visualizar a tela de _ranking_",
      "bonus": false
    },
    {
      "description": "17 - [TELA DE RANKING] Crie um botão para ir ao início",
      "bonus": false
    },
    {
      "description": "18 - [TELA DE RANKING] Crie o conteúdo da tela de _ranking_",
      "bonus": false
    }
  ]
}